report_id,title,owner,tenant_id,status,origin,visible_in,shared_with,grants,created_at,deleted_at
70f74d93-eb7e-4da6-a4b3-a858e067e126,cross-tenant duplicate probe,analyst@ocreport001.test,fc5c09d2-f5ff-4c3b-a6dd-4d46e089e457,deleted,manual,All+Mine,,0,2026-09-29 13:11:44.127487+01:00,2026-09-29 13:11:44.498543+01:00
9bfc0ec0-759f-4e29-8242-eb38361bd66d,cross-tenant duplicate probe,analyst@ocreport001.test,fc5c09d2-f5ff-4c3b-a6dd-4d46e089e457,deleted,manual,All+Mine,,0,2026-09-29 13:21:02.994284+01:00,2026-09-29 13:21:03.394591+01:00
fdd69d66-0eca-4e5e-a3fc-521ce37c7b0f,cross-tenant duplicate probe (copy),analyst@ocreport001.test,fc5c09d2-f5ff-4c3b-a6dd-4d46e089e457,deleted,manual,All+Mine,,0,2026-09-29 13:11:44.470246+01:00,2026-09-29 15:08:04.107811+01:00
11c44347-7984-4488-8118-e8a72e12436a,cross-tenant duplicate probe (copy),analyst@ocreport001.test,fc5c09d2-f5ff-4c3b-a6dd-4d46e089e457,deleted,manual,All+Mine,,0,2026-09-29 13:21:03.347132+01:00,2026-09-29 15:08:04.107811+01:00
24797fed-b23b-400c-b7cf-5d5efeeee828,E2E Assistant Report,analyst@ocreport001.test,fc5c09d2-f5ff-4c3b-a6dd-4d46e089e457,deleted,assistant,All+Mine,,0,2026-09-29 08:00:59.813136+01:00,2026-09-29 15:08:04.107811+01:00
02920b50-b931-40bd-afd5-a2c5df803e26,E2E Assistant Report,analyst@ocreport001.test,fc5c09d2-f5ff-4c3b-a6dd-4d46e089e457,deleted,assistant,All+Mine,,0,2026-09-29 08:04:48.868937+01:00,2026-09-29 15:08:04.107811+01:00
051f0920-7082-4a9f-a750-414e8756a0a9,E2E Assistant Report,analyst@ocreport001.test,fc5c09d2-f5ff-4c3b-a6dd-4d46e089e457,deleted,assistant,All+Mine,,0,2026-09-29 12:38:30.860976+01:00,2026-09-29 15:08:04.107811+01:00
5f2185a3-40cb-4801-b7d0-173e3e7bea7d,E2E Assistant Report,analyst@ocreport001.test,fc5c09d2-f5ff-4c3b-a6dd-4d46e089e457,deleted,assistant,All+Mine,,0,2026-09-29 12:47:15.969181+01:00,2026-09-29 15:08:04.107811+01:00
03a434bf-c8d5-4b6e-9144-665ce669ab7f,E2E Assistant Report,analyst@ocreport001.test,fc5c09d2-f5ff-4c3b-a6dd-4d46e089e457,deleted,assistant,All+Mine,,0,2026-09-29 07:39:09.217517+01:00,2026-09-29 15:08:04.107811+01:00
4a3f77c8-4294-4f78-b7bd-3259bbf25cce,E2E Assistant Report,analyst@ocreport001.test,fc5c09d2-f5ff-4c3b-a6dd-4d46e089e457,deleted,assistant,All+Mine,,0,2026-09-29 12:45:43.687754+01:00,2026-09-29 15:08:04.107811+01:00
8f347e72-71b5-4bac-8318-3030f1a7e439,E2E Assistant Report,analyst@ocreport001.test,fc5c09d2-f5ff-4c3b-a6dd-4d46e089e457,deleted,assistant,All+Mine,,0,2026-09-28 19:33:08.948214+01:00,2026-09-29 15:08:04.107811+01:00
10c09b36-b780-4552-9530-34c0b47b901a,E2E Assistant Report,analyst@ocreport001.test,fc5c09d2-f5ff-4c3b-a6dd-4d46e089e457,deleted,assistant,All+Mine,,0,2026-09-28 14:08:35.318297+01:00,2026-09-29 15:08:04.107811+01:00
d28e2d0e-2967-4e70-82b3-9382bb4e5763,E2E Assistant Report,analyst@ocreport001.test,fc5c09d2-f5ff-4c3b-a6dd-4d46e089e457,deleted,assistant,All+Mine,,0,2026-09-28 23:52:55.941052+01:00,2026-09-29 15:08:04.107811+01:00
37542d7c-a7d2-47e9-b3aa-d09f733a6561,E2E Assistant Report,analyst@ocreport001.test,fc5c09d2-f5ff-4c3b-a6dd-4d46e089e457,deleted,assistant,All+Mine,,0,2026-09-28 14:04:33.829535+01:00,2026-09-29 15:08:04.107811+01:00
24bf8dca-595d-486b-aeb9-3e8c6ee80ceb,E2E Assistant Report,analyst@ocreport001.test,fc5c09d2-f5ff-4c3b-a6dd-4d46e089e457,deleted,assistant,All+Mine,,0,2026-09-29 13:41:08.321931+01:00,2026-09-29 15:08:04.107811+01:00
4d489527-180e-4a6c-8577-cbe12d7e7e91,E2E Assistant Report,analyst@ocreport001.test,fc5c09d2-f5ff-4c3b-a6dd-4d46e089e457,deleted,assistant,All+Mine,,0,2026-09-28 22:23:33.361534+01:00,2026-09-29 15:08:04.107811+01:00
8ed79e0d-1e1c-4aca-b4cd-f735daaaacb3,E2E Assistant Report,analyst@ocreport001.test,fc5c09d2-f5ff-4c3b-a6dd-4d46e089e457,deleted,assistant,All+Mine,,0,2026-09-29 13:21:05.552332+01:00,2026-09-29 15:08:04.107811+01:00
d92a9936-12fc-45d2-be7c-796bbce74093,E2E Assistant Report,analyst@ocreport001.test,fc5c09d2-f5ff-4c3b-a6dd-4d46e089e457,deleted,assistant,All+Mine,,0,2026-09-29 13:04:22.023681+01:00,2026-09-29 15:08:04.107811+01:00
1e4d76cc-3c73-4e7e-b223-ba525bc211a7,E2E Assistant Report,analyst@ocreport001.test,fc5c09d2-f5ff-4c3b-a6dd-4d46e089e457,deleted,assistant,All+Mine,,0,2026-09-28 23:31:51.753499+01:00,2026-09-29 15:08:04.107811+01:00
94eabe32-14a2-4e16-9d98-52ccff40300a,E2E Assistant Report,analyst@ocreport001.test,fc5c09d2-f5ff-4c3b-a6dd-4d46e089e457,deleted,assistant,All+Mine,,0,2026-09-29 17:14:32.307594+01:00,2026-09-29 17:30:41.575787+01:00
2ce9eaa7-2614-443b-a67f-fda59c47e61c,E2E Exec,analyst@ocreport001.test,fc5c09d2-f5ff-4c3b-a6dd-4d46e089e457,deleted,template,All+Mine,,0,2026-09-29 07:39:11.202313+01:00,2026-09-29 15:08:04.107811+01:00
5ce2e687-3857-4fdc-a109-9aae5d2eb958,E2E Exec,analyst@ocreport001.test,fc5c09d2-f5ff-4c3b-a6dd-4d46e089e457,deleted,template,All+Mine,,0,2026-09-29 12:47:17.907962+01:00,2026-09-29 15:08:04.107811+01:00
b7cdb492-42e6-4f33-9e71-ee5edc5e6e31,E2E Exec,analyst@ocreport001.test,fc5c09d2-f5ff-4c3b-a6dd-4d46e089e457,deleted,template,All+Mine,,0,2026-09-28 23:31:53.688512+01:00,2026-09-29 15:08:04.107811+01:00
939c226b-fdaf-46dc-9a1b-ec620af11f7e,E2E Exec,analyst@ocreport001.test,fc5c09d2-f5ff-4c3b-a6dd-4d46e089e457,deleted,template,All+Mine,,0,2026-09-29 08:04:51.764560+01:00,2026-09-29 15:08:04.107811+01:00
b0319cbe-05b5-4bbe-9d46-9e678982c0e6,E2E Exec,analyst@ocreport001.test,fc5c09d2-f5ff-4c3b-a6dd-4d46e089e457,deleted,template,All+Mine,,0,2026-09-29 12:38:32.993044+01:00,2026-09-29 15:08:04.107811+01:00
16bf0ed3-323c-47b0-8554-6d78e82bcb75,E2E Exec,analyst@ocreport001.test,fc5c09d2-f5ff-4c3b-a6dd-4d46e089e457,deleted,template,All+Mine,,0,2026-09-29 13:41:11.924342+01:00,2026-09-29 15:08:04.107811+01:00
22aa2cdd-d2f9-4cc8-9421-205fccf9dbe1,E2E Exec,analyst@ocreport001.test,fc5c09d2-f5ff-4c3b-a6dd-4d46e089e457,deleted,template,All+Mine,,0,2026-09-28 23:52:57.951862+01:00,2026-09-29 15:08:04.107811+01:00
807926aa-14d2-428b-8543-22bf19deb1e2,E2E Exec,analyst@ocreport001.test,fc5c09d2-f5ff-4c3b-a6dd-4d46e089e457,deleted,template,All+Mine,,0,2026-09-29 12:45:45.776787+01:00,2026-09-29 15:08:04.107811+01:00
13f16172-be18-474a-9e27-82b14673b644,E2E Exec,analyst@ocreport001.test,fc5c09d2-f5ff-4c3b-a6dd-4d46e089e457,deleted,template,All+Mine,,0,2026-09-28 22:23:35.517524+01:00,2026-09-29 15:08:04.107811+01:00
ae7cd42e-bd40-4675-84e6-ecd34caef214,E2E Exec,analyst@ocreport001.test,fc5c09d2-f5ff-4c3b-a6dd-4d46e089e457,deleted,template,All+Mine,,0,2026-09-28 19:33:10.597937+01:00,2026-09-29 15:08:04.107811+01:00
1cb52f8b-7488-4cdf-a625-792513597f56,E2E Exec,analyst@ocreport001.test,fc5c09d2-f5ff-4c3b-a6dd-4d46e089e457,deleted,template,All+Mine,,0,2026-09-28 14:04:39.218690+01:00,2026-09-29 15:08:04.107811+01:00
27c11018-6b73-49c6-84f3-914cd6ec1ddd,E2E Exec,analyst@ocreport001.test,fc5c09d2-f5ff-4c3b-a6dd-4d46e089e457,deleted,template,All+Mine,,0,2026-09-28 14:08:38.278241+01:00,2026-09-29 15:08:04.107811+01:00
da9376cb-c9c8-4330-b560-4145b72883a8,E2E Exec,analyst@ocreport001.test,fc5c09d2-f5ff-4c3b-a6dd-4d46e089e457,deleted,template,All+Mine,,0,2026-09-29 08:01:02.659489+01:00,2026-09-29 15:08:04.107811+01:00
2dabb77b-d840-4b1b-922f-41af2db44463,E2E Exec,analyst@ocreport001.test,fc5c09d2-f5ff-4c3b-a6dd-4d46e089e457,deleted,template,All+Mine,,0,2026-09-29 13:04:25.318783+01:00,2026-09-29 15:08:04.107811+01:00
60736a73-71bc-4d05-8a1a-75237dc7b774,E2E Exec,analyst@ocreport001.test,fc5c09d2-f5ff-4c3b-a6dd-4d46e089e457,deleted,template,All+Mine,,0,2026-09-29 13:21:16.152080+01:00,2026-09-29 15:08:04.107811+01:00
b8f615be-08f2-44e0-ad91-4ce99c6ceba3,E2E Exec,analyst@ocreport001.test,fc5c09d2-f5ff-4c3b-a6dd-4d46e089e457,deleted,template,All+Mine,,0,2026-09-29 17:14:35.843597+01:00,2026-09-29 17:30:41.551151+01:00
14abc87c-1c87-4212-a477-8f7bd4c0296f,E2E Migration Health,analyst@ocreport001.test,fc5c09d2-f5ff-4c3b-a6dd-4d46e089e457,deleted,template,All+Mine,,0,2026-09-28 14:03:03.575705+01:00,2026-09-29 15:08:04.107811+01:00
c0977339-0423-42f0-90ac-5c8c8a839e38,E2E Migration Health,analyst@ocreport001.test,fc5c09d2-f5ff-4c3b-a6dd-4d46e089e457,deleted,template,All+Mine+Shared,viewer@ocreport001.test,1,2026-09-29 12:45:43.355169+01:00,2026-09-29 15:08:04.107811+01:00
1403d212-3203-4fc5-ba40-5f26445303c5,E2E Migration Health,analyst@ocreport001.test,fc5c09d2-f5ff-4c3b-a6dd-4d46e089e457,deleted,template,All+Mine+Shared,viewer@ocreport001.test,1,2026-09-29 13:04:21.748236+01:00,2026-09-29 15:08:04.107811+01:00
ca43392e-634f-4719-8267-28c52c0ca51a,E2E Migration Health,analyst@ocreport001.test,fc5c09d2-f5ff-4c3b-a6dd-4d46e089e457,deleted,template,All+Mine+Shared,viewer@ocreport001.test,1,2026-09-28 14:04:33.513781+01:00,2026-09-29 15:08:04.107811+01:00
f2c3d90f-64a2-48b0-ad57-40f06a669e4e,E2E Migration Health,analyst@ocreport001.test,fc5c09d2-f5ff-4c3b-a6dd-4d46e089e457,deleted,template,All+Mine+Shared,viewer@ocreport001.test,1,2026-09-28 14:08:35.021794+01:00,2026-09-29 15:08:04.107811+01:00
74f9f90c-d956-4cba-944a-4351ddf3d282,E2E Migration Health,analyst@ocreport001.test,fc5c09d2-f5ff-4c3b-a6dd-4d46e089e457,deleted,template,All+Mine+Shared,viewer@ocreport001.test,1,2026-09-28 19:33:08.552423+01:00,2026-09-29 15:08:04.107811+01:00
b3b28698-f614-470c-8d49-19d7aefccc22,E2E Migration Health,analyst@ocreport001.test,fc5c09d2-f5ff-4c3b-a6dd-4d46e089e457,deleted,template,All+Mine+Shared,viewer@ocreport001.test,1,2026-09-29 12:38:30.615560+01:00,2026-09-29 15:08:04.107811+01:00
4a25c700-74e0-4648-b2e2-d4d903b99b7a,E2E Migration Health,analyst@ocreport001.test,fc5c09d2-f5ff-4c3b-a6dd-4d46e089e457,deleted,template,All+Mine+Shared,viewer@ocreport001.test,1,2026-09-29 12:47:15.646271+01:00,2026-09-29 15:08:04.107811+01:00
7c53b1f9-469e-4107-8af0-f5b244da2772,E2E Migration Health,analyst@ocreport001.test,fc5c09d2-f5ff-4c3b-a6dd-4d46e089e457,deleted,template,All+Mine+Shared,viewer@ocreport001.test,1,2026-09-29 08:04:48.592926+01:00,2026-09-29 15:08:04.107811+01:00
16ed0ef8-02ac-474c-8234-ba1197255fce,E2E Migration Health,analyst@ocreport001.test,fc5c09d2-f5ff-4c3b-a6dd-4d46e089e457,deleted,template,All+Mine+Shared,viewer@ocreport001.test,1,2026-09-29 13:21:05.253079+01:00,2026-09-29 15:08:04.107811+01:00
c7b4c61e-9d11-46f1-9c6e-5d3e47a76919,E2E Migration Health,analyst@ocreport001.test,fc5c09d2-f5ff-4c3b-a6dd-4d46e089e457,deleted,template,All+Mine+Shared,viewer@ocreport001.test,1,2026-09-28 23:52:55.645711+01:00,2026-09-29 15:08:04.107811+01:00
eda26d5e-dafc-4a25-801b-05412854ef75,E2E Migration Health,analyst@ocreport001.test,fc5c09d2-f5ff-4c3b-a6dd-4d46e089e457,deleted,template,All+Mine+Shared,viewer@ocreport001.test,1,2026-09-28 22:23:33.111506+01:00,2026-09-29 15:08:04.107811+01:00
38d03039-e3fa-4d84-bc3f-43c8bf23756e,E2E Migration Health,analyst@ocreport001.test,fc5c09d2-f5ff-4c3b-a6dd-4d46e089e457,deleted,template,All+Mine+Shared,viewer@ocreport001.test,1,2026-09-29 08:00:59.458726+01:00,2026-09-29 15:08:04.107811+01:00
ba1aeec8-532d-45cd-ac82-4c8eef22db6a,E2E Migration Health,analyst@ocreport001.test,fc5c09d2-f5ff-4c3b-a6dd-4d46e089e457,deleted,template,All+Mine+Shared,viewer@ocreport001.test,1,2026-09-28 23:31:51.455501+01:00,2026-09-29 15:08:04.107811+01:00
e8754720-fb2e-4602-b491-b764d18d1703,E2E Migration Health,analyst@ocreport001.test,fc5c09d2-f5ff-4c3b-a6dd-4d46e089e457,deleted,template,All+Mine+Shared,viewer@ocreport001.test,1,2026-09-29 07:39:08.915502+01:00,2026-09-29 15:08:04.107811+01:00
bf2ad2aa-9451-4f5d-9dd3-742f044eb2bc,E2E Migration Health,analyst@ocreport001.test,fc5c09d2-f5ff-4c3b-a6dd-4d46e089e457,deleted,template,All+Mine+Shared,viewer@ocreport001.test,1,2026-09-29 13:41:08.023175+01:00,2026-09-29 15:08:04.107811+01:00
6fe732cb-c12c-475d-8863-482ec88190df,E2E Migration Health,analyst@ocreport001.test,fc5c09d2-f5ff-4c3b-a6dd-4d46e089e457,deleted,template,All+Mine+Shared,viewer@ocreport001.test,1,2026-09-29 17:14:31.954037+01:00,2026-09-29 17:30:41.605754+01:00
56dd2d37-49f5-4311-8e94-eea3ec48cff5,Migration Health - Weekly,analyst@ocreport001.test,fc5c09d2-f5ff-4c3b-a6dd-4d46e089e457,deleted,template,All+Mine,,0,2026-09-28 23:56:49.877204+01:00,2026-09-29 15:08:04.107811+01:00
ba2fef1c-5058-490d-b473-e4d4db3060c6,Migration Health — Weekly,analyst@ocreport001.test,fc5c09d2-f5ff-4c3b-a6dd-4d46e089e457,deleted,template,All+Mine+Shared,viewer@ocreport001.test,1,2026-09-29 13:25:00.896801+01:00,2026-09-29 15:08:04.107811+01:00
2aaf88ed-ae28-4d1d-8bde-9c128f9c8055,Migration Health — Weekly,analyst@ocreport001.test,fc5c09d2-f5ff-4c3b-a6dd-4d46e089e457,deleted,template,All+Mine+Shared,viewer@ocreport001.test,1,2026-09-29 13:42:47.303679+01:00,2026-09-29 15:08:04.107811+01:00
ba33d9ec-f516-463a-b5d9-fbfb4f33833e,Migration Health — Weekly,analyst@ocreport001.test,fc5c09d2-f5ff-4c3b-a6dd-4d46e089e457,deleted,template,All+Mine+Shared,viewer@ocreport001.test,1,2026-09-29 07:46:34.782039+01:00,2026-09-29 15:08:04.107811+01:00
9e3c5f42-f28b-4ee8-887e-72e091133248,Migration Health — Weekly,analyst@ocreport001.test,fc5c09d2-f5ff-4c3b-a6dd-4d46e089e457,deleted,template,All+Mine,,0,2026-09-29 07:52:16.516991+01:00,2026-09-29 15:08:04.107811+01:00
6ce304bb-0c79-4172-b1df-b19a19953137,Migration Health — Weekly,analyst@ocreport001.test,fc5c09d2-f5ff-4c3b-a6dd-4d46e089e457,deleted,template,All+Mine+Shared,viewer@ocreport001.test,1,2026-09-29 12:49:51.481605+01:00,2026-09-29 15:08:04.107811+01:00
29a6b7fe-be34-49e7-bfb0-69821623ac81,Migration Health — Weekly,analyst@ocreport001.test,fc5c09d2-f5ff-4c3b-a6dd-4d46e089e457,deleted,template,All+Mine,,0,2026-09-29 13:43:38.860438+01:00,2026-09-29 15:08:04.107811+01:00
74fa7039-3ab2-4364-880f-2cad8782c870,Migration Health — Weekly,analyst@ocreport001.test,fc5c09d2-f5ff-4c3b-a6dd-4d46e089e457,deleted,template,All+Mine,,0,2026-09-29 12:58:17.543349+01:00,2026-09-29 15:08:04.107811+01:00
bd4c292b-c7fd-4468-85bc-d17830301b4b,Migration Health — Weekly,analyst@ocreport001.test,fc5c09d2-f5ff-4c3b-a6dd-4d46e089e457,deleted,template,All+Mine+Shared,viewer@ocreport001.test,1,2026-09-29 13:05:51.022537+01:00,2026-09-29 15:08:04.107811+01:00
2fcdb60b-678a-431f-81ee-fb2053a41593,Migration Health — Weekly,analyst@ocreport001.test,fc5c09d2-f5ff-4c3b-a6dd-4d46e089e457,deleted,template,All+Mine+Shared,viewer@ocreport001.test,1,2026-09-28 23:44:21.970200+01:00,2026-09-29 15:08:04.107811+01:00
51c0e402-984d-48d2-bd70-2799d14fdd5f,Migration Health — Weekly,analyst@ocreport001.test,fc5c09d2-f5ff-4c3b-a6dd-4d46e089e457,deleted,template,All+Mine+Shared,viewer@ocreport001.test,1,2026-09-29 07:41:49.047429+01:00,2026-09-29 15:08:04.107811+01:00
c3f95b2f-5c02-454b-848b-62c52ed60b85,Migration Health — Weekly,analyst@ocreport001.test,fc5c09d2-f5ff-4c3b-a6dd-4d46e089e457,deleted,template,All+Mine,,0,2026-09-29 07:47:27.329582+01:00,2026-09-29 15:08:04.107811+01:00
cfa7bc7c-0625-4b0b-b885-36f9e52df15f,Migration Health — Weekly,analyst@ocreport001.test,fc5c09d2-f5ff-4c3b-a6dd-4d46e089e457,deleted,template,All+Mine,,0,2026-09-29 07:52:26.247094+01:00,2026-09-29 15:08:04.107811+01:00
6901a071-57d3-46f0-81a5-256e1127d883,Migration Health — Weekly,analyst@ocreport001.test,fc5c09d2-f5ff-4c3b-a6dd-4d46e089e457,deleted,template,All+Mine,,0,2026-09-29 13:14:59.129597+01:00,2026-09-29 15:08:04.107811+01:00
05364e26-ed5e-45a5-b71d-62bc172b5a64,Migration Health — Weekly,analyst@ocreport001.test,fc5c09d2-f5ff-4c3b-a6dd-4d46e089e457,deleted,template,All+Mine+Shared,viewer@ocreport001.test,1,2026-09-29 12:56:05.587308+01:00,2026-09-29 15:08:04.107811+01:00
e7541897-436e-407c-bf82-31c8a51f903e,Migration Health — Weekly,analyst@ocreport001.test,fc5c09d2-f5ff-4c3b-a6dd-4d46e089e457,deleted,template,All+Mine,,0,2026-09-29 13:52:02.114927+01:00,2026-09-29 15:08:04.107811+01:00
c266146a-00fd-42dc-8286-deb30f2e1165,Migration Health — Weekly,analyst@ocreport001.test,fc5c09d2-f5ff-4c3b-a6dd-4d46e089e457,deleted,template,All+Mine,,0,2026-09-29 12:50:46.138628+01:00,2026-09-29 15:08:04.107811+01:00
b507aad4-db4e-401a-8661-7233c5dc18c3,Migration Health — Weekly,analyst@ocreport001.test,fc5c09d2-f5ff-4c3b-a6dd-4d46e089e457,deleted,template,All+Mine+Shared,viewer@ocreport001.test,1,2026-09-29 12:58:32.084030+01:00,2026-09-29 15:08:04.107811+01:00
278ae318-b59b-42f7-9213-4865d4cf9a74,Migration Health — Weekly,analyst@ocreport001.test,fc5c09d2-f5ff-4c3b-a6dd-4d46e089e457,deleted,template,All+Mine+Shared,viewer@ocreport001.test,1,2026-09-29 13:49:53.282142+01:00,2026-09-29 15:08:04.107811+01:00
9a57829c-d211-4d8b-8015-75987c72aa6b,Migration Health — Weekly,analyst@ocreport001.test,fc5c09d2-f5ff-4c3b-a6dd-4d46e089e457,deleted,template,All+Mine+Shared,viewer@ocreport001.test,1,2026-09-29 00:00:47.654919+01:00,2026-09-29 15:08:04.107811+01:00
89b9807c-13eb-400e-8033-09cc54e6fa3d,Migration Health — Weekly,analyst@ocreport001.test,fc5c09d2-f5ff-4c3b-a6dd-4d46e089e457,deleted,template,All+Mine+Shared,viewer@ocreport001.test,1,2026-09-28 22:26:05.758583+01:00,2026-09-29 15:08:04.107811+01:00
a564a20b-afba-4c94-8a48-005d8d930b91,Migration Health — Weekly,analyst@ocreport001.test,fc5c09d2-f5ff-4c3b-a6dd-4d46e089e457,deleted,template,All+Mine+Shared,viewer@ocreport001.test,1,2026-09-28 23:45:43.639241+01:00,2026-09-29 15:08:04.107811+01:00
2bb777cc-a4f7-46bd-bf72-c28d5b73262e,Migration Health — Weekly,analyst@ocreport001.test,fc5c09d2-f5ff-4c3b-a6dd-4d46e089e457,deleted,template,All+Mine+Shared,viewer@ocreport001.test,1,2026-09-29 13:51:01.764204+01:00,2026-09-29 15:08:04.107811+01:00
888ad075-e73d-4e83-8429-d7cfd5e28cd8,Migration Health — Weekly,analyst@ocreport001.test,fc5c09d2-f5ff-4c3b-a6dd-4d46e089e457,deleted,template,All+Mine,,0,2026-09-29 07:42:42.086335+01:00,2026-09-29 15:08:04.107811+01:00
a7c90143-137d-440e-a423-ccee6cbb2a28,Migration Health — Weekly,analyst@ocreport001.test,fc5c09d2-f5ff-4c3b-a6dd-4d46e089e457,deleted,template,All+Mine+Shared,viewer@ocreport001.test,1,2026-09-29 07:47:37.804927+01:00,2026-09-29 15:08:04.107811+01:00
6ece2fa3-4ddc-4101-b7c6-b42db7dfdf3f,Migration Health — Weekly,analyst@ocreport001.test,fc5c09d2-f5ff-4c3b-a6dd-4d46e089e457,deleted,template,All+Mine+Shared,viewer@ocreport001.test,1,2026-09-29 07:52:40.149484+01:00,2026-09-29 15:08:04.107811+01:00
9820f0e2-5243-45d1-9ae3-d03cc1cdc1c0,Migration Health — Weekly,analyst@ocreport001.test,fc5c09d2-f5ff-4c3b-a6dd-4d46e089e457,deleted,template,All+Mine+Shared,viewer@ocreport001.test,1,2026-09-28 22:24:56.732664+01:00,2026-09-29 15:08:04.107811+01:00
da6b31ac-bd5a-4d8f-a30d-13d2cf88e884,Migration Health — Weekly,analyst@ocreport001.test,fc5c09d2-f5ff-4c3b-a6dd-4d46e089e457,deleted,template,All+Mine+Shared,viewer@ocreport001.test,1,2026-09-28 23:55:42.866773+01:00,2026-09-29 15:08:04.107811+01:00
29270d72-c4eb-4702-93c5-5f96d23be552,Migration Health — Weekly,analyst@ocreport001.test,fc5c09d2-f5ff-4c3b-a6dd-4d46e089e457,deleted,template,All+Mine+Shared,viewer@ocreport001.test,1,2026-09-28 23:54:25.555339+01:00,2026-09-29 15:08:04.107811+01:00
e7061a51-6073-4729-9ba1-11c60408580d,Migration Health — Weekly,analyst@ocreport001.test,fc5c09d2-f5ff-4c3b-a6dd-4d46e089e457,deleted,template,All+Mine,,0,2026-09-29 00:03:55.914077+01:00,2026-09-29 15:08:04.107811+01:00
9cb59504-b2e8-4d3c-9538-5ea2099fdc41,Migration Health — Weekly,analyst@ocreport001.test,fc5c09d2-f5ff-4c3b-a6dd-4d46e089e457,deleted,template,All+Mine,,0,2026-09-29 00:04:10.730426+01:00,2026-09-29 15:08:04.107811+01:00
e614d779-8de8-481f-a43b-0cddfcb5375d,Migration Health — Weekly,analyst@ocreport001.test,fc5c09d2-f5ff-4c3b-a6dd-4d46e089e457,deleted,template,All+Mine+Shared,viewer@ocreport001.test,1,2026-09-29 00:02:35.009626+01:00,2026-09-29 15:08:04.107811+01:00
e1d984f2-cff5-4702-8582-148f1c472496,Migration Health — Weekly,analyst@ocreport001.test,fc5c09d2-f5ff-4c3b-a6dd-4d46e089e457,deleted,template,All+Mine+Shared,viewer@ocreport001.test,1,2026-09-29 07:42:51.238642+01:00,2026-09-29 15:08:04.107811+01:00
224986f9-e8c0-44f9-9d00-94e03c379a51,Migration Health — Weekly,analyst@ocreport001.test,fc5c09d2-f5ff-4c3b-a6dd-4d46e089e457,deleted,template,All+Mine,,0,2026-09-29 12:50:55.395483+01:00,2026-09-29 15:08:04.107811+01:00
b34c9808-dd4e-4bb1-b668-32c51b71633e,Migration Health — Weekly,analyst@ocreport001.test,fc5c09d2-f5ff-4c3b-a6dd-4d46e089e457,deleted,template,All+Mine+Shared,viewer@ocreport001.test,1,2026-09-29 07:50:11.176135+01:00,2026-09-29 15:08:04.107811+01:00
11dcaf88-249c-48ab-92d0-a803a670dda3,Migration Health — Weekly,analyst@ocreport001.test,fc5c09d2-f5ff-4c3b-a6dd-4d46e089e457,deleted,template,All+Mine,,0,2026-09-29 13:51:52.455353+01:00,2026-09-29 15:08:04.107811+01:00
47b11da6-d2c6-4653-a329-cbacda2e43d0,Migration Health — Weekly,analyst@ocreport001.test,fc5c09d2-f5ff-4c3b-a6dd-4d46e089e457,deleted,template,All+Mine+Shared,viewer@ocreport001.test,1,2026-09-29 13:52:14.503696+01:00,2026-09-29 15:08:04.107811+01:00
e3973ede-6ca3-4127-b830-e896e9639328,Migration Health — Weekly,analyst@ocreport001.test,fc5c09d2-f5ff-4c3b-a6dd-4d46e089e457,deleted,template,All+Mine+Shared,viewer@ocreport001.test,1,2026-09-29 13:07:03.010038+01:00,2026-09-29 15:08:04.107811+01:00
8495aa25-8bb4-4b9d-8656-980830513a36,Migration Health — Weekly,analyst@ocreport001.test,fc5c09d2-f5ff-4c3b-a6dd-4d46e089e457,deleted,template,All+Mine,,0,2026-09-28 23:41:27.197591+01:00,2026-09-29 15:08:04.107811+01:00
3c9a7ff9-24ec-4cdf-bec2-80a4b29a7adc,Migration Health — Weekly,analyst@ocreport001.test,fc5c09d2-f5ff-4c3b-a6dd-4d46e089e457,deleted,template,All+Mine,,0,2026-09-29 13:15:10.155270+01:00,2026-09-29 15:08:04.107811+01:00
23780c10-3ecf-408b-a124-4192a6372c68,Migration Health — Weekly,analyst@ocreport001.test,fc5c09d2-f5ff-4c3b-a6dd-4d46e089e457,deleted,template,All+Mine,,0,2026-09-29 13:24:36.786057+01:00,2026-09-29 15:08:04.107811+01:00
f0849d7d-913d-4370-9245-844d71135fda,Migration Health — Weekly,analyst@ocreport001.test,fc5c09d2-f5ff-4c3b-a6dd-4d46e089e457,deleted,template,All+Mine+Shared,viewer@ocreport001.test,1,2026-09-29 12:57:16.845694+01:00,2026-09-29 15:08:04.107811+01:00
165376fb-003b-430a-b63a-f9ebf20b831f,Migration Health — Weekly,analyst@ocreport001.test,fc5c09d2-f5ff-4c3b-a6dd-4d46e089e457,deleted,template,All+Mine,,0,2026-09-29 13:24:46.901346+01:00,2026-09-29 15:08:04.107811+01:00
8613f722-1337-410b-a163-590e06e353b7,Migration Health — Weekly,analyst@ocreport001.test,fc5c09d2-f5ff-4c3b-a6dd-4d46e089e457,deleted,template,All+Mine+Shared,viewer@ocreport001.test,1,2026-09-29 12:48:46.065594+01:00,2026-09-29 15:08:04.107811+01:00
37658cc5-1e9d-4019-baa8-ea877719bb2e,Migration Health — Weekly,analyst@ocreport001.test,fc5c09d2-f5ff-4c3b-a6dd-4d46e089e457,deleted,template,All+Mine+Shared,viewer@ocreport001.test,1,2026-09-29 12:51:08.375385+01:00,2026-09-29 15:08:04.107811+01:00
a0a19316-b216-4d6d-bb55-15bf6b51f0bd,Migration Health — Weekly,analyst@ocreport001.test,fc5c09d2-f5ff-4c3b-a6dd-4d46e089e457,deleted,template,All+Mine,,0,2026-09-29 12:58:07.555274+01:00,2026-09-29 15:08:04.107811+01:00
348bc1d9-b402-4402-9277-b0b0fe512a8e,Migration Health — Weekly,analyst@ocreport001.test,fc5c09d2-f5ff-4c3b-a6dd-4d46e089e457,deleted,template,All+Mine+Shared,viewer@ocreport001.test,1,2026-09-29 13:15:29.980696+01:00,2026-09-29 15:08:04.107811+01:00
b40c7de8-f9d1-4291-8344-520ed29c8969,Migration Health — Weekly,analyst@ocreport001.test,fc5c09d2-f5ff-4c3b-a6dd-4d46e089e457,deleted,template,All+Mine+Shared,viewer@ocreport001.test,1,2026-09-29 13:41:40.687045+01:00,2026-09-29 15:08:04.107811+01:00
5408bf28-8d15-4ab9-9596-d9738bbd6e2b,Migration Health — Weekly,analyst@ocreport001.test,fc5c09d2-f5ff-4c3b-a6dd-4d46e089e457,deleted,template,All+Mine+Shared,viewer@ocreport001.test,1,2026-09-29 07:45:26.260990+01:00,2026-09-29 15:08:04.107811+01:00
44a92888-04ac-43f1-94ee-ce7e41174cbe,Migration Health — Weekly,analyst@ocreport001.test,fc5c09d2-f5ff-4c3b-a6dd-4d46e089e457,deleted,template,All+Mine,,0,2026-09-29 13:08:00.756131+01:00,2026-09-29 15:08:04.107811+01:00
16863303-1bfd-488f-adb3-d39c2b991128,Migration Health — Weekly,analyst@ocreport001.test,fc5c09d2-f5ff-4c3b-a6dd-4d46e089e457,deleted,template,All+Mine+Shared,viewer@ocreport001.test,1,2026-09-29 07:51:21.388826+01:00,2026-09-29 15:08:04.107811+01:00
70f77827-cec5-4dfa-beaf-2bb2abbd7796,Migration Health — Weekly,analyst@ocreport001.test,fc5c09d2-f5ff-4c3b-a6dd-4d46e089e457,deleted,template,All+Mine,,0,2026-09-29 13:08:10.272249+01:00,2026-09-29 15:08:04.107811+01:00
41799d9e-4e57-4dac-b553-45c53b733edb,Migration Health — Weekly,analyst@ocreport001.test,fc5c09d2-f5ff-4c3b-a6dd-4d46e089e457,deleted,template,All+Mine+Shared,viewer@ocreport001.test,1,2026-09-29 13:22:39.039423+01:00,2026-09-29 15:08:04.107811+01:00
d4ac41c7-36e8-4b95-88ea-51dc7a6f4906,Migration Health — Weekly,analyst@ocreport001.test,fc5c09d2-f5ff-4c3b-a6dd-4d46e089e457,deleted,template,All+Mine+Shared,viewer@ocreport001.test,1,2026-09-29 13:12:53.611058+01:00,2026-09-29 15:08:04.107811+01:00
18dbdbcb-5c1e-45bb-a5ae-b076acb500a9,Migration Health — Weekly,analyst@ocreport001.test,fc5c09d2-f5ff-4c3b-a6dd-4d46e089e457,deleted,template,All+Mine+Shared,viewer@ocreport001.test,1,2026-09-29 13:08:21.786209+01:00,2026-09-29 15:08:04.107811+01:00
cc5bfd38-2cba-4aca-9c53-042a439b4212,Migration Health — Weekly,analyst@ocreport001.test,fc5c09d2-f5ff-4c3b-a6dd-4d46e089e457,deleted,template,All+Mine+Shared,viewer@ocreport001.test,1,2026-09-29 13:23:48.130165+01:00,2026-09-29 15:08:04.107811+01:00
0b0e19f1-b1d2-45c1-a842-23af4e5d0d5b,Migration Health — Weekly,analyst@ocreport001.test,fc5c09d2-f5ff-4c3b-a6dd-4d46e089e457,deleted,template,All+Mine+Shared,viewer@ocreport001.test,1,2026-09-29 13:14:02.420783+01:00,2026-09-29 15:08:04.107811+01:00
0972408d-5345-4021-9e25-bdc327a6813f,Migration Health — Weekly,analyst@ocreport001.test,fc5c09d2-f5ff-4c3b-a6dd-4d46e089e457,deleted,template,All+Mine+Shared,viewer@ocreport001.test,1,2026-09-28 17:06:00.136723+01:00,2026-09-29 15:08:04.107811+01:00
037240e4-7ec1-4bf7-b403-84a71a210732,Migration Health — Weekly,analyst@ocreport001.test,fc5c09d2-f5ff-4c3b-a6dd-4d46e089e457,deleted,template,All+Mine,,0,2026-09-29 13:43:48.183268+01:00,2026-09-29 15:08:04.107811+01:00
51b3bb5b-6c29-4d9e-926c-bae9f3f094ab,Migration Health — Weekly,analyst@ocreport001.test,fc5c09d2-f5ff-4c3b-a6dd-4d46e089e457,deleted,template,All+Mine,,0,2026-09-28 19:15:19.151870+01:00,2026-09-29 15:08:04.107811+01:00
38adf8e1-04b3-4190-b2d4-bc12136c1b23,Migration Health — Weekly,analyst@ocreport001.test,fc5c09d2-f5ff-4c3b-a6dd-4d46e089e457,deleted,template,All+Mine,,0,2026-09-28 16:49:24.527830+01:00,2026-09-29 15:08:04.107811+01:00
2fea7be2-e83a-42b0-94d5-15b88383cfa6,Migration Health — Weekly,analyst@ocreport001.test,fc5c09d2-f5ff-4c3b-a6dd-4d46e089e457,deleted,template,All+Mine+Shared,viewer@ocreport001.test,1,2026-09-28 19:05:41.864322+01:00,2026-09-29 15:08:04.107811+01:00
23b9d144-2581-4d92-b863-70334583a0a6,Migration Health — Weekly,analyst@ocreport001.test,fc5c09d2-f5ff-4c3b-a6dd-4d46e089e457,deleted,template,All+Mine+Shared,viewer@ocreport001.test,1,2026-09-29 13:43:59.512839+01:00,2026-09-29 15:08:04.107811+01:00
625a5ca6-3b02-4f99-b705-fb7b47ce73f9,Migration Health — Weekly,analyst@ocreport001.test,fc5c09d2-f5ff-4c3b-a6dd-4d46e089e457,deleted,template,All+Mine+Shared,viewer@ocreport001.test,1,2026-09-28 19:08:47.694971+01:00,2026-09-29 15:08:04.107811+01:00
c3fc64a1-21c1-44a0-9e92-4c734826eb87,Migration Health — Weekly,analyst@ocreport001.test,fc5c09d2-f5ff-4c3b-a6dd-4d46e089e457,deleted,template,All+Mine+Shared,viewer@ocreport001.test,1,2026-09-28 16:53:58.278600+01:00,2026-09-29 15:08:04.107811+01:00
31c924c0-6c91-4302-a4b9-a2f959a7407d,Migration Health — Weekly,analyst@ocreport001.test,fc5c09d2-f5ff-4c3b-a6dd-4d46e089e457,deleted,template,All+Mine+Shared,viewer@ocreport001.test,1,2026-09-28 19:14:16.161899+01:00,2026-09-29 15:08:04.107811+01:00
92d8fdd8-4c44-4122-8ff8-db38ccb890ac,Migration Health — Weekly,analyst@ocreport001.test,fc5c09d2-f5ff-4c3b-a6dd-4d46e089e457,deleted,template,All+Mine+Shared,viewer@ocreport001.test,1,2026-09-28 17:11:39.897657+01:00,2026-09-29 15:08:04.107811+01:00
31dbc7d8-5c2e-4cb2-be8f-ffd6d8c96ed0,Migration Health — Weekly,analyst@ocreport001.test,fc5c09d2-f5ff-4c3b-a6dd-4d46e089e457,deleted,template,All+Mine+Shared,viewer@ocreport001.test,1,2026-09-28 16:58:51.028946+01:00,2026-09-29 15:08:04.107811+01:00
b230460a-fe58-4743-a6be-eff171d900ba,Migration Health — Weekly,analyst@ocreport001.test,fc5c09d2-f5ff-4c3b-a6dd-4d46e089e457,deleted,template,All+Mine+Shared,viewer@ocreport001.test,1,2026-09-28 19:23:47.514729+01:00,2026-09-29 15:08:04.107811+01:00
d30af782-e8bd-4707-bcbb-e5474703c027,Migration Health — Weekly,analyst@ocreport001.test,fc5c09d2-f5ff-4c3b-a6dd-4d46e089e457,deleted,template,All+Mine+Shared,viewer@ocreport001.test,1,2026-09-28 19:18:46.336596+01:00,2026-09-29 15:08:04.107811+01:00
983d45c0-f7e7-46ac-8151-c4f3d72c5525,Migration Health — Weekly,analyst@ocreport001.test,fc5c09d2-f5ff-4c3b-a6dd-4d46e089e457,deleted,template,All+Mine+Shared,viewer@ocreport001.test,1,2026-09-28 19:19:55.540604+01:00,2026-09-29 15:08:04.107811+01:00
14db4676-1f73-4046-a11a-80e38b63b035,Migration Health — Weekly,analyst@ocreport001.test,fc5c09d2-f5ff-4c3b-a6dd-4d46e089e457,deleted,template,All+Mine+Shared,viewer@ocreport001.test,1,2026-09-28 17:15:52.243638+01:00,2026-09-29 15:08:04.107811+01:00
57ac817d-7d18-4f0d-b4d7-e6992aeb52ae,Migration Health — Weekly,analyst@ocreport001.test,fc5c09d2-f5ff-4c3b-a6dd-4d46e089e457,deleted,template,All+Mine+Shared,viewer@ocreport001.test,1,2026-09-28 19:25:00.065739+01:00,2026-09-29 15:08:04.107811+01:00
9e4d97b9-eb83-440c-a33e-e1ffbb233611,Migration Health — Weekly,analyst@ocreport001.test,fc5c09d2-f5ff-4c3b-a6dd-4d46e089e457,deleted,template,All+Mine+Shared,viewer@ocreport001.test,1,2026-09-28 19:28:05.208076+01:00,2026-09-29 15:08:04.107811+01:00
58b2388c-b836-4070-87ac-1d0149d2e288,Migration Health — Weekly,analyst@ocreport001.test,fc5c09d2-f5ff-4c3b-a6dd-4d46e089e457,deleted,template,All+Mine+Shared,viewer@ocreport001.test,1,2026-09-28 19:29:10.638780+01:00,2026-09-29 15:08:04.107811+01:00
a743538a-261f-41d1-9f71-06ce81c58365,Migration Health — Weekly,analyst@ocreport001.test,fc5c09d2-f5ff-4c3b-a6dd-4d46e089e457,deleted,template,All+Mine+Shared,viewer@ocreport001.test,1,2026-09-29 07:40:41.535966+01:00,2026-09-29 15:08:04.107811+01:00
705cae1c-74d0-49c9-a9f4-c1a4eae2e9d7,Migration Health — Weekly,analyst@ocreport001.test,fc5c09d2-f5ff-4c3b-a6dd-4d46e089e457,deleted,template,All+Mine,,0,2026-09-29 16:55:21.262552+01:00,2026-09-29 16:55:22.472170+01:00
72c8f3f2-cdfd-49b3-8a65-713aadc8833f,Migration Health — Weekly,analyst@ocreport001.test,fc5c09d2-f5ff-4c3b-a6dd-4d46e089e457,deleted,template,All+Mine+Shared,viewer@ocreport001.test,1,2026-09-29 17:16:49.165832+01:00,2026-09-29 17:17:13.907839+01:00
21bd3a04-b126-4537-8652-c0d42acba37f,Migration Health — Weekly,analyst@ocreport001.test,fc5c09d2-f5ff-4c3b-a6dd-4d46e089e457,deleted,template,All+Mine+Shared,viewer@ocreport001.test,1,2026-09-29 17:19:30.630071+01:00,2026-09-29 17:22:21.723022+01:00
b76be0a3-ef2f-44a4-bfb6-f6215111fe8f,Migration Health — Weekly,analyst@ocreport001.test,fc5c09d2-f5ff-4c3b-a6dd-4d46e089e457,deleted,template,All+Mine+Shared,viewer@ocreport001.test,1,2026-09-29 17:20:29.434344+01:00,2026-09-29 17:22:22.153989+01:00
c2511d0d-47cb-426e-b61b-46aa773aa6ed,Migration Health — Weekly,analyst@ocreport001.test,fc5c09d2-f5ff-4c3b-a6dd-4d46e089e457,deleted,template,All+Mine,,0,2026-09-29 17:21:17.989136+01:00,2026-09-29 17:22:22.585014+01:00
0d2e2e5d-bc0a-49a8-921f-03a50988484b,Migration Health — Weekly,analyst@ocreport001.test,fc5c09d2-f5ff-4c3b-a6dd-4d46e089e457,deleted,template,All+Mine,,0,2026-09-29 17:21:26.805874+01:00,2026-09-29 17:22:23.219968+01:00
12fb62a0-4ceb-476c-8d83-bdbda29b94c3,Migration Health — Weekly,analyst@ocreport001.test,fc5c09d2-f5ff-4c3b-a6dd-4d46e089e457,deleted,template,All+Mine+Shared,viewer@ocreport001.test,1,2026-09-29 17:21:38.610050+01:00,2026-09-29 17:22:23.733723+01:00
cb1c1751-da69-45c2-b380-d0eb6bd5ebc2,Migration Health — Weekly,analyst@ocreport001.test,fc5c09d2-f5ff-4c3b-a6dd-4d46e089e457,deleted,template,All+Mine+Shared,viewer@ocreport001.test,1,2026-09-29 17:30:03.194485+01:00,2026-09-29 17:30:41.377367+01:00
a9e5580c-36d4-4642-8454-e606575e4f79,Migration Health — Weekly,analyst@ocreport001.test,fc5c09d2-f5ff-4c3b-a6dd-4d46e089e457,deleted,template,All+Mine,,0,2026-09-29 17:29:51.224554+01:00,2026-09-29 17:30:41.407402+01:00
5e5568c0-7ebd-4364-9bdf-5feeb3716129,Migration Health — Weekly,analyst@ocreport001.test,fc5c09d2-f5ff-4c3b-a6dd-4d46e089e457,deleted,template,All+Mine,,0,2026-09-29 17:29:42.793476+01:00,2026-09-29 17:30:41.437064+01:00
8ffea393-5730-497f-af6e-36c2bfb577da,Migration Health — Weekly,analyst@ocreport001.test,fc5c09d2-f5ff-4c3b-a6dd-4d46e089e457,deleted,template,All+Mine+Shared,viewer@ocreport001.test,1,2026-09-29 17:28:53.022971+01:00,2026-09-29 17:30:41.461631+01:00
ea34cd5b-b8f0-416e-a12e-1237f79cbf26,Migration Health — Weekly,analyst@ocreport001.test,fc5c09d2-f5ff-4c3b-a6dd-4d46e089e457,deleted,template,All+Mine+Shared,viewer@ocreport001.test,1,2026-09-29 17:27:53.191659+01:00,2026-09-29 17:30:41.492883+01:00
1eb73fa0-6aee-4920-8603-319729bbbaa8,Migration Health — Weekly,analyst@ocreport001.test,fc5c09d2-f5ff-4c3b-a6dd-4d46e089e457,deleted,template,All+Mine,,0,2026-09-29 17:32:20.348709+01:00,2026-09-29 17:32:21.525410+01:00
f3da1ab2-147f-46bf-a58c-1c1959b27e04,Migration Health — Weekly,analyst@ocreport001.test,fc5c09d2-f5ff-4c3b-a6dd-4d46e089e457,deleted,template,All+Mine,,0,2026-09-29 17:33:08.326150+01:00,2026-09-29 17:33:09.604645+01:00
e98c0c00-8fd0-415f-a312-c57fe2aba273,Migration Health — Weekly,analyst@ocreport001.test,fc5c09d2-f5ff-4c3b-a6dd-4d46e089e457,deleted,template,All+Mine+Shared,viewer@ocreport001.test,1,2026-09-29 18:34:38.919043+01:00,2026-09-29 18:35:20.875746+01:00
ccbb64ae-d8a0-4234-803c-b2da439b9a69,Migration Health — Weekly,analyst@ocreport001.test,fc5c09d2-f5ff-4c3b-a6dd-4d46e089e457,deleted,template,All+Mine,,0,2026-09-29 18:34:27.268852+01:00,2026-09-29 18:35:20.911330+01:00
cc6d7f08-627a-4111-a6b8-64eefdd32205,Migration Health — Weekly,analyst@ocreport001.test,fc5c09d2-f5ff-4c3b-a6dd-4d46e089e457,deleted,template,All+Mine,,0,2026-09-29 18:34:18.471140+01:00,2026-09-29 18:35:20.948621+01:00
89edf146-6f3a-4a70-bbd5-71b098d500d3,Migration Health — Weekly,analyst@ocreport001.test,fc5c09d2-f5ff-4c3b-a6dd-4d46e089e457,deleted,template,All+Mine+Shared,viewer@ocreport001.test,1,2026-09-29 18:33:24.589398+01:00,2026-09-29 18:35:20.985190+01:00
58c38260-0977-44a5-9df6-90ef968627e3,Migration Health — Weekly,analyst@ocreport001.test,fc5c09d2-f5ff-4c3b-a6dd-4d46e089e457,deleted,template,All+Mine+Shared,viewer@ocreport001.test,1,2026-09-29 18:32:16.833708+01:00,2026-09-29 18:35:21.021011+01:00
9cdac2af-f0a3-4ca7-9e9a-a91c4bcf967a,Migration Health — Weekly (copy),analyst@ocreport001.test,fc5c09d2-f5ff-4c3b-a6dd-4d46e089e457,deleted,template,All+Mine,,0,2026-09-29 13:08:57.224560+01:00,2026-09-29 15:08:04.107811+01:00
c77781fd-d43c-4984-83e9-79dcecaa2eae,Migration Health — Weekly (copy),analyst@ocreport001.test,fc5c09d2-f5ff-4c3b-a6dd-4d46e089e457,deleted,template,All+Mine,,0,2026-09-29 13:25:36.344654+01:00,2026-09-29 15:08:04.107811+01:00
a69b2672-202e-4c43-8baa-a5384e98933f,Migration Health — Weekly (copy),analyst@ocreport001.test,fc5c09d2-f5ff-4c3b-a6dd-4d46e089e457,deleted,template,All+Mine,,0,2026-09-29 13:16:09.643526+01:00,2026-09-29 15:08:04.107811+01:00
947f12aa-3dd9-4ff3-9652-f8f1461c11c5,Migration Health — Weekly (copy),other@ocreport001.test,7af8b539-168e-457a-a509-897b97144983,deleted,template,All+Mine,,0,2026-09-29 13:16:15.141266+01:00,2026-09-29 15:08:04.107811+01:00
a2d032b3-2fb2-4cc1-a57e-59a45e630f59,Migration Health — Weekly (copy),other@ocreport001.test,7af8b539-168e-457a-a509-897b97144983,deleted,template,All+Mine,,0,2026-09-29 13:09:02.560039+01:00,2026-09-29 15:08:04.107811+01:00
924d35be-ef72-4d51-a7da-58cf38fd1c80,Migration Health — Weekly (copy),analyst@ocreport001.test,fc5c09d2-f5ff-4c3b-a6dd-4d46e089e457,deleted,template,All+Mine,,0,2026-09-29 13:52:48.995124+01:00,2026-09-29 15:08:04.107811+01:00
d91e2535-903f-4b55-a65f-6cadfc84e7d3,Migration Health — Weekly (copy),other@ocreport001.test,7af8b539-168e-457a-a509-897b97144983,deleted,template,All+Mine,,0,2026-09-29 12:59:21.132420+01:00,2026-09-29 15:08:04.107811+01:00
f7aa977f-82d7-4b06-8954-b410837023a4,Migration Health — Weekly (copy),analyst@ocreport001.test,fc5c09d2-f5ff-4c3b-a6dd-4d46e089e457,deleted,template,All+Mine,,0,2026-09-29 13:44:35.777550+01:00,2026-09-29 15:08:04.107811+01:00
b280a4bc-30f4-4a6c-b9c6-2cfa893be040,Migration Health — Weekly (copy),analyst@ocreport001.test,fc5c09d2-f5ff-4c3b-a6dd-4d46e089e457,deleted,template,All+Mine,,0,2026-09-29 12:51:44.081435+01:00,2026-09-29 15:08:04.107811+01:00
01a38cf9-2ece-45a4-8ac5-ab5da23daa42,Migration Health — Weekly (copy),other@ocreport001.test,7af8b539-168e-457a-a509-897b97144983,deleted,template,All+Mine,,0,2026-09-29 12:51:49.865204+01:00,2026-09-29 15:08:04.107811+01:00
949e2d51-a2a6-4270-985a-6593ecab9295,Migration Health — Weekly (copy),analyst@ocreport001.test,fc5c09d2-f5ff-4c3b-a6dd-4d46e089e457,deleted,template,All+Mine,,0,2026-09-29 12:59:16.062201+01:00,2026-09-29 15:08:04.107811+01:00
7289c9eb-305d-4fc7-ad1c-717e5472f218,Migration Health — Weekly (copy),analyst@ocreport001.test,fc5c09d2-f5ff-4c3b-a6dd-4d46e089e457,deleted,template,All+Mine,,0,2026-09-29 17:30:36.796678+01:00,2026-09-29 17:30:41.351637+01:00
44cc36fa-67d7-4f34-9339-634eb7b18a1b,Migration Health — Weekly (copy),analyst@ocreport001.test,fc5c09d2-f5ff-4c3b-a6dd-4d46e089e457,deleted,template,All+Mine,,0,2026-09-29 17:22:15.742880+01:00,2026-09-29 17:30:41.521921+01:00
e392fb42-cf10-44e1-a67a-3dac4256a919,Migration Health — Weekly (copy),analyst@ocreport001.test,fc5c09d2-f5ff-4c3b-a6dd-4d46e089e457,deleted,template,All+Mine,,0,2026-09-29 18:35:15.880783+01:00,2026-09-29 18:35:20.837693+01:00
3aec5c60-b0ea-48e0-ba5c-cd0032a21dc3,probe instantiate,analyst@ocreport001.test,fc5c09d2-f5ff-4c3b-a6dd-4d46e089e457,deleted,template,All+Mine,,0,2026-09-29 00:19:22.573301+01:00,2026-09-29 15:08:04.107811+01:00
bc2f8594-dd5b-4946-a43a-fa431bae7e0b,review-measure-temp,analyst@ocreport001.test,fc5c09d2-f5ff-4c3b-a6dd-4d46e089e457,deleted,template,All+Mine,,0,2026-09-29 16:45:00.419099+01:00,2026-09-29 16:53:32.391032+01:00
d1df2099-3906-4686-b771-37170e68792e,review-measure-temp,analyst@ocreport001.test,fc5c09d2-f5ff-4c3b-a6dd-4d46e089e457,deleted,template,All+Mine,,0,2026-09-29 16:45:39.472089+01:00,2026-09-29 16:53:32.391032+01:00
70a736e2-5ed9-4d7f-80f7-02bd9e77ed9e,SEC probe A,analyst@ocreport001.test,fc5c09d2-f5ff-4c3b-a6dd-4d46e089e457,deleted,manual,All+Mine+Shared,viewer@ocreport001.test,1,2026-09-29 13:35:12.408702+01:00,2026-09-29 13:35:14.067931+01:00
1ae44d32-f6cc-4988-a89f-aa1b84ab3712,SEC probe A,analyst@ocreport001.test,fc5c09d2-f5ff-4c3b-a6dd-4d46e089e457,deleted,manual,All+Mine+Shared,viewer@ocreport001.test,1,2026-09-29 13:40:20.168900+01:00,2026-09-29 13:40:21.639212+01:00
8195c5a4-f930-4d69-b12d-d65498358a14,SEC probe B,other@ocreport001.test,7af8b539-168e-457a-a509-897b97144983,deleted,manual,All+Mine,,0,2026-09-29 13:35:12.538473+01:00,2026-09-29 13:35:14.125177+01:00
5c5c7aef-1b45-4f16-9b06-0539c493ee47,SEC probe B,other@ocreport001.test,7af8b539-168e-457a-a509-897b97144983,deleted,manual,All+Mine,,0,2026-09-29 13:40:20.205128+01:00,2026-09-29 13:40:21.675364+01:00
465599f2-6e0a-4bb2-8905-c9b368b666a5,TENANT B SECRET,other@ocreport001.test,7af8b539-168e-457a-a509-897b97144983,deleted,manual,All+Mine,,0,2026-09-28 22:29:08.225873+01:00,2026-09-28 22:29:08.777424+01:00
1e621471-861f-4045-bbb1-3652906931a2,Unicode — éè “quoted” report,analyst@ocreport001.test,fc5c09d2-f5ff-4c3b-a6dd-4d46e089e457,deleted,manual,All+Mine,,0,2026-09-29 08:01:00.758165+01:00,2026-09-29 08:01:01.711860+01:00
5bb40391-7903-4768-a456-79bf164c1482,Unicode — éè “quoted” report,analyst@ocreport001.test,fc5c09d2-f5ff-4c3b-a6dd-4d46e089e457,deleted,manual,All+Mine,,0,2026-09-29 08:03:08.998271+01:00,2026-09-29 08:03:12.259892+01:00
f1508510-eddd-44f8-b2db-b1fa3c8af82d,Unicode — éè “quoted” report,analyst@ocreport001.test,fc5c09d2-f5ff-4c3b-a6dd-4d46e089e457,deleted,manual,All+Mine,,0,2026-09-29 08:04:49.873893+01:00,2026-09-29 08:04:50.521986+01:00
7d1c70a1-c7a5-44cd-b4c6-84e9a2a2cc36,Unicode — éè “quoted” report,analyst@ocreport001.test,fc5c09d2-f5ff-4c3b-a6dd-4d46e089e457,deleted,manual,All+Mine,,0,2026-09-29 12:38:31.513119+01:00,2026-09-29 12:38:32.076206+01:00
0f74bbf1-6340-4ba2-ae1a-4389f0dea7c3,Unicode — éè “quoted” report,analyst@ocreport001.test,fc5c09d2-f5ff-4c3b-a6dd-4d46e089e457,deleted,manual,All+Mine,,0,2026-09-29 12:42:06.648606+01:00,2026-09-29 12:42:16.583498+01:00
18c13f46-22cd-4b7b-ad5b-0c74a3ffe60c,Unicode — éè “quoted” report,analyst@ocreport001.test,fc5c09d2-f5ff-4c3b-a6dd-4d46e089e457,deleted,manual,All+Mine,,0,2026-09-29 12:44:43.795004+01:00,2026-09-29 12:44:50.415983+01:00
d5a7771b-6135-476f-ba79-31e773200d7f,Unicode — éè “quoted” report,analyst@ocreport001.test,fc5c09d2-f5ff-4c3b-a6dd-4d46e089e457,deleted,manual,All+Mine,,0,2026-09-29 12:45:44.381450+01:00,2026-09-29 12:45:44.907933+01:00
6e4b407b-4097-429d-aafa-86dd5713261f,Unicode — éè “quoted” report,analyst@ocreport001.test,fc5c09d2-f5ff-4c3b-a6dd-4d46e089e457,deleted,manual,All+Mine,,0,2026-09-29 12:47:16.631954+01:00,2026-09-29 12:47:17.024832+01:00
17f47217-c996-4d96-9c4c-c61190227006,Unicode — éè “quoted” report,analyst@ocreport001.test,fc5c09d2-f5ff-4c3b-a6dd-4d46e089e457,deleted,manual,All+Mine,,0,2026-09-29 13:04:24.074049+01:00,2026-09-29 13:04:24.478580+01:00
ac289543-a36a-4adf-a747-9885293b7400,Unicode — éè “quoted” report,analyst@ocreport001.test,fc5c09d2-f5ff-4c3b-a6dd-4d46e089e457,deleted,manual,All+Mine,,0,2026-09-29 13:21:06.346084+01:00,2026-09-29 13:21:15.218657+01:00
b1976a77-d24a-48ee-9c06-42808c096918,Unicode — éè “quoted” report,analyst@ocreport001.test,fc5c09d2-f5ff-4c3b-a6dd-4d46e089e457,deleted,manual,All+Mine,,0,2026-09-29 13:41:10.616267+01:00,2026-09-29 13:41:10.976391+01:00
852173d0-11f0-437d-907c-cec3e141d462,Unicode — éè “quoted” report,analyst@ocreport001.test,fc5c09d2-f5ff-4c3b-a6dd-4d46e089e457,deleted,manual,All+Mine,,0,2026-09-29 17:14:34.460230+01:00,2026-09-29 17:14:34.876025+01:00
